Volt,Veritas,1
Veritas,Volt,1,Vermilion,1
Vermilion,Veritas,1,Virgo,1
Virgo,Vermilion,1,Vulture,1
Vulture,Virgo,1,Vagabond,1
Vagabond,Vulture,1,Vanguard,1
Vanguard,Elysium,1,Voodoo,1,Vagabond,1,Leir,6
Voodoo,Vanguard,1,Vendetta,1
Vendetta,Voodoo,1,Vesper,1
Elysium,Leir,6,Centauri,1,Idris,1,Vanguard,1
Nul,Caliban,6,Croshaw,6,Vega,3,Centauri,1
Caliban,Viking,3,Orion,3,Oberon,3
Viking,Orion,1,Caliban,3
Orion,Caliban,3,Tiber,1,Viking,1
Tiber,Orion,1,Vector,1,Virgil,1,Oberon,3
Vector,Tiber,1,Kellog,3
Oberon,Virgil,1,Caliban,3,Vega,1,Tiber,3
Vega,Virgil,3,Nul,3,Bremen,1,Oberon,1
Bremen,Vega,1,Kallis,1,Tanga,3,Nyx,1
Kallis,Oso,1,Bremen,1
Oso,Kallis,1,Pyro,6,Castra,6
Kellog,Chronos,1,Virgil,3,Odin,1,Vector,3
Chronos,Branaugh,3,Kellog,1
Virgil,Tiber,1,Oberon,1,Kellog,3,Vega,3,Nyx,3
Branaugh,Chronos,3
Odin,Kellog,1,Nyx,1,Tanga,3
Tanga,Bremen,3,Odin,3
Nyx,Bremen,1,Odin,1,Castra,1,Tohil,1,Virgil,3,Pyro,3
Tohil,Nyx,1,Virtus,1,Oya,3
Pyro,Castra,1,Nyx,3,Stanton,3,Oslo,6,Cano,6,Terra,6,Hadrian,6
Cano,Davien,3,Pyro,6
Castra,Nyx,1,Oya,1,Pyro,1,Oso,6
Virtus,Tohil,1,Trise,1,Eealus,1
Trise,Virtus,1,Eealus,3
Eealus,Virtus,1,Trise,3,Oya,6,Rihlah,1
Oya,Castra,1,Hadrian,1,Tohil,3,Eealus,6,Gurzil,6
Rihlah,Eealus,1,Kayfa,1,Gurzil,3,Horus,6
Kayfa,Rihlah,1,Horus,,,3
Gurzil,Oya,6,Rihlah,3,Hadrian,1
Horus,Kayfa,3,Rihlah,6,Kiel,1
Tal,Pallas,1
Pallas,Tal,1,Baker,1,Hadur,3
Kiel,Horus,1,Hadrian,1,Baker,1
Hadrian,Oya,1,Gurzil,1,Terra,1,Kiel,1,Pyro,6
Baker,Hadur,1,Kiel,1,Osiris,1,Pallas,1,Tayac,3
Hadur,Baker,1,Ayr'ka,1,Pallas,3
Ayr'ka,Hadur,1,Indra,1
Osiris,Baker,1,Goss,1,Indra,1
Indra,Ayr'ka,1,Osiris,1,Kins,1
Kins,Indra,1,Charon,6
Goss,Osiris,1,Tayac,1,Tyrol,3,Terra,3,Helios,3
Tyrol,Charon,1,Goss,3,Helios,6
Charon,Tyrol,1,Helios,3,Kins,6,Genesis,1
Helios,Taranis,3,Charon,3,Goss,3,Tyrol,6
Tayac,Goss,1,Terra,1,Baker,3
Terra,Hadrian,1,Tayac,1,Stanton,1,Goss,3,Pyro,6,Magnus,3,Taranis,6
Stanton,Terra,1,Magnus,1,Pyro,3
Taranis,Ellis,3,Genesis,3,Terra,6,Helios,3
Magnus,Stanton,1,Ellis,1,Terra,3
Ellis,Magnus,1,Kilian,1,Nexus,1,Taranis,3,Min,6
Min,Nexus,1,Ellis,6
Nexus,Ellis,1,Min,1,Hades,1,Cathcart,1
Kilian,Ellis,1,Davien,1,Cathcart,6
Cathcart,Nexus,1,Davien,3,Hades,3,Kilian,6
Hades,Nexus,1,Nemo,1,Cathcart,3
Nemo,Corel,1,Hades,1,Fora,1
Genesis,Charon,1,Corel,1,Taranis,3
Corel,Genesis,1,Nemo,1,Geddon,1
Geddon,Corel,1,Bacchus,1,Gliese,1
Gliese,Geddon,1
Bacchus,Geddon,1
Fora,Nemo,1,Banshee,1,Rhetor,3
Davien,Kilian,1,Ferron,1,Sol,1,Cano,3,Cathcart,3
Ferron,Davien,1,Croshaw,1,Idris,3
Sol,Davien,1,Croshaw,1
Croshaw,Sol,1,Rhetor,1,Ferron,1,Nul,6
Rhetor,Croshaw,1,Idris,1,Fora,3
Banshee,Fora,1,Garron,1,Leir,1,Tamsa,1,Yulin,6
Tamsa,Banshee,1
Leir,Banshee,1,Yulin,3,Kabal,3,Vanguard,6,Garron,6,Elysium,6
Yulin,Leir,3,Banshee,6
Kabal,Leir,3
Garron,Banshee,1,Idris,1,Leir,6
Idris,Rhetor,1,Garron,1,Elysium,1,Ferron,3
Centauri,Nul,1,Elysium,1